{
  "generated_at": "2026-02-22T20:18:05.031140",
  "row_count": 18780,
  "column_count": 16,
  "columns": [
    "question_id",
    "title",
    "question_body",
    "answer_body",
    "tags",
    "score",
    "answer_score",
    "view_count",
    "error_signatures",
    "infra_components",
    "question_type",
    "complexity",
    "question_metrics",
    "answer_metrics",
    "quality_score",
    "processed_at"
  ],
  "numeric_statistics": {
    "question_id": {
      "count": 18780,
      "mean": 50289865.19323748,
      "std": 13088180.546423305,
      "min": 28147.0,
      "25%": 41690875.0,
      "50%": 50953359.5,
      "75%": 59716075.75,
      "max": 79826535.0
    },
    "score": {
      "count": 18780,
      "mean": 28.091214057507987,
      "std": 94.30208343970024,
      "min": 6.0,
      "25%": 7.0,
      "50%": 11.0,
      "75%": 21.0,
      "max": 4498.0
    },
    "answer_score": {
      "count": 18780,
      "mean": 32.473801916932906,
      "std": 123.0169947850287,
      "min": -75.0,
      "25%": 6.0,
      "50%": 12.0,
      "75%": 25.0,
      "max": 4902.0
    },
    "view_count": {
      "count": 18780,
      "mean": 36215.66735889244,
      "std": 98047.95361627362,
      "min": 125.0,
      "25%": 6489.75,
      "50%": 13947.0,
      "75%": 30869.25,
      "max": 3846505.0
    },
    "quality_score": {
      "count": 18780,
      "mean": 192.7970851970181,
      "std": 633.4836190550039,
      "min": 10.62,
      "25%": 49.02,
      "50%": 78.11500000000001,
      "75%": 149.4075,
      "max": 24731.49
    }
  },
  "text_statistics": {
    "title": {
      "avg_length": 58.7769435569755,
      "min_length": 10,
      "max_length": 150,
      "total_chars": 1103831
    },
    "question_body": {
      "avg_length": 1331.4140575079873,
      "min_length": 35,
      "max_length": 28306,
      "total_chars": 25003956
    },
    "answer_body": {
      "avg_length": 929.4425452609158,
      "min_length": 50,
      "max_length": 18813,
      "total_chars": 17454931
    }
  },
  "question_type_distribution": {
    "how_to": 5865,
    "general": 5330,
    "error_resolution": 3824,
    "troubleshooting": 1656,
    "definition": 1283,
    "explanation": 478,
    "best_practice": 344
  },
  "complexity_distribution": {
    "moderate": 18263,
    "complex": 480,
    "simple": 37
  }
}